sgRNA Target Sequence,A freq,G freq,C freq,T freq,AA freq,AG freq,AC freq,AT freq,GA freq,GG freq,GC freq,GT freq,CA freq,CG freq,CC freq,CT freq,TA freq,TG freq,TC freq,TT freq,class
CTCCCCATGCCTGGCTGGAC,0.1,0.25,0.45,0.2,0.0,0.0,0.05263157894736842,0.05263157894736842,0.05263157894736842,0.10526315789473684,0.10526315789473684,0.0,0.05263157894736842,0.0,0.21052631578947367,0.15789473684210525,0.0,0.15789473684210525,0.05263157894736842,0.0,0
TTGCTGGTTTTTGCGGCTTG,0.0,0.35,0.15,0.5,0.0,0.0,0.0,0.0,0.0,0.10526315789473684,0.15789473684210525,0.05263157894736842,0.0,0.05263157894736842,0.0,0.10526315789473684,0.0,0.21052631578947367,0.0,0.3157894736842105,0
AAAACACTGAAGAGAACCGC,0.5,0.2,0.25,0.05,0.2631578947368421,0.10526315789473684,0.15789473684210525,0.0,0.15789473684210525,0.0,0.05263157894736842,0.0,0.05263157894736842,0.05263157894736842,0.05263157894736842,0.05263157894736842,0.0,0.05263157894736842,0.0,0.0,1
GAGCACATCCACGTACACAG,0.35,0.2,0.35,0.1,0.0,0.10526315789473684,0.21052631578947367,0.05263157894736842,0.05263157894736842,0.0,0.05263157894736842,0.05263157894736842,0.2631578947368421,0.05263157894736842,0.05263157894736842,0.0,0.05263157894736842,0.0,0.05263157894736842,0.0,1
TGTACTAGTTACTATGAAAA,0.4,0.15,0.1,0.35,0.15789473684210525,0.05263157894736842,0.10526315789473684,0.05263157894736842,0.05263157894736842,0.0,0.0,0.10526315789473684,0.0,0.0,0.0,0.10526315789473684,0.21052631578947367,0.10526315789473684,0.0,0.05263157894736842,0
CCAGGACTACCATTAATCCC,0.3,0.1,0.4,0.2,0.05263157894736842,0.05263157894736842,0.10526315789473684,0.10526315789473684,0.05263157894736842,0.05263157894736842,0.0,0.0,0.10526315789473684,0.0,0.21052631578947367,0.05263157894736842,0.10526315789473684,0.0,0.05263157894736842,0.05263157894736842,1
TCTACTAGCTGCCCACAGCT,0.2,0.15,0.4,0.25,0.0,0.10526315789473684,0.10526315789473684,0.0,0.0,0.0,0.15789473684210525,0.0,0.10526315789473684,0.0,0.10526315789473684,0.21052631578947367,0.10526315789473684,0.05263157894736842,0.05263157894736842,0.0,0
CCCGCTCCTGCTCCCGGCGA,0.05,0.25,0.55,0.15,0.0,0.0,0.0,0.0,0.05263157894736842,0.05263157894736842,0.15789473684210525,0.0,0.0,0.15789473684210525,0.2631578947368421,0.15789473684210525,0.0,0.05263157894736842,0.10526315789473684,0.0,0
TGTGAACAACCATGTGATCT,0.3,0.2,0.2,0.3,0.10526315789473684,0.0,0.10526315789473684,0.10526315789473684,0.10526315789473684,0.0,0.0,0.10526315789473684,0.10526315789473684,0.0,0.05263157894736842,0.05263157894736842,0.0,0.21052631578947367,0.05263157894736842,0.0,0
TTGATGGTAGGTTAAAAACA,0.4,0.25,0.05,0.3,0.21052631578947367,0.05263157894736842,0.05263157894736842,0.05263157894736842,0.05263157894736842,0.10526315789473684,0.0,0.10526315789473684,0.05263157894736842,0.0,0.0,0.0,0.10526315789473684,0.10526315789473684,0.0,0.10526315789473684,0
ACACGTGGGAACTTCTTGCC,0.2,0.25,0.3,0.25,0.05263157894736842,0.0,0.15789473684210525,0.0,0.05263157894736842,0.10526315789473684,0.05263157894736842,0.05263157894736842,0.05263157894736842,0.05263157894736842,0.05263157894736842,0.10526315789473684,0.0,0.10526315789473684,0.05263157894736842,0.10526315789473684,0
GCCTGAGGCAGAAGGAGAAG,0.35,0.45,0.15,0.05,0.10526315789473684,0.2631578947368421,0.0,0.0,0.21052631578947367,0.10526315789473684,0.10526315789473684,0.0,0.05263157894736842,0.0,0.05263157894736842,0.05263157894736842,0.0,0.05263157894736842,0.0,0.0,0
GCAGCCGCTTAACTCTCTGA,0.2,0.2,0.35,0.25,0.05263157894736842,0.05263157894736842,0.05263157894736842,0.0,0.05263157894736842,0.0,0.15789473684210525,0.0,0.05263157894736842,0.05263157894736842,0.05263157894736842,0.21052631578947367,0.05263157894736842,0.05263157894736842,0.10526315789473684,0.05263157894736842,1
AACGTGCTCGTCTACGAGGG,0.2,0.35,0.25,0.2,0.05263157894736842,0.05263157894736842,0.10526315789473684,0.0,0.05263157894736842,0.10526315789473684,0.05263157894736842,0.10526315789473684,0.0,0.15789473684210525,0.0,0.10526315789473684,0.05263157894736842,0.05263157894736842,0.10526315789473684,0.0,1
GGACAGACTAGGAATTGGCA,0.35,0.35,0.15,0.15,0.05263157894736842,0.10526315789473684,0.10526315789473684,0.05263157894736842,0.15789473684210525,0.15789473684210525,0.05263157894736842,0.0,0.10526315789473684,0.0,0.0,0.05263157894736842,0.05263157894736842,0.05263157894736842,0.0,0.05263157894736842,1
CAGATTGAGTGGGAGATGGA,0.3,0.45,0.05,0.2,0.0,0.15789473684210525,0.0,0.10526315789473684,0.2631578947368421,0.15789473684210525,0.0,0.05263157894736842,0.05263157894736842,0.0,0.0,0.0,0.0,0.15789473684210525,0.0,0.05263157894736842,0
ATTTAAAGACTACAGCAGCG,0.4,0.2,0.2,0.2,0.10526315789473684,0.15789473684210525,0.10526315789473684,0.05263157894736842,0.05263157894736842,0.0,0.10526315789473684,0.0,0.10526315789473684,0.05263157894736842,0.0,0.05263157894736842,0.10526315789473684,0.0,0.0,0.10526315789473684,1
AGGGTACCACACATCAGGTG,0.3,0.3,0.25,0.15,0.0,0.10526315789473684,0.15789473684210525,0.05263157894736842,0.0,0.15789473684210525,0.0,0.10526315789473684,0.21052631578947367,0.0,0.05263157894736842,0.0,0.05263157894736842,0.05263157894736842,0.05263157894736842,0.0,1
TAGACTCTCAGCATAAATAG,0.4,0.15,0.2,0.25,0.10526315789473684,0.15789473684210525,0.05263157894736842,0.10526315789473684,0.05263157894736842,0.0,0.05263157894736842,0.0,0.10526315789473684,0.0,0.0,0.10526315789473684,0.15789473684210525,0.0,0.10526315789473684,0.0,0
ACACACCATCTACCAGTCTG,0.3,0.1,0.4,0.2,0.0,0.05263157894736842,0.21052631578947367,0.05263157894736842,0.0,0.0,0.0,0.05263157894736842,0.21052631578947367,0.0,0.10526315789473684,0.10526315789473684,0.05263157894736842,0.05263157894736842,0.10526315789473684,0.0,1
GCCACGCAGTCCATTCAGGG,0.2,0.3,0.35,0.15,0.0,0.10526315789473684,0.05263157894736842,0.05263157894736842,0.0,0.10526315789473684,0.10526315789473684,0.05263157894736842,0.21052631578947367,0.05263157894736842,0.10526315789473684,0.0,0.0,0.0,0.10526315789473684,0.05263157894736842,1
CGTGTCATTCAAGAGCCAGG,0.25,0.3,0.25,0.2,0.05263157894736842,0.15789473684210525,0.0,0.05263157894736842,0.05263157894736842,0.05263157894736842,0.05263157894736842,0.10526315789473684,0.15789473684210525,0.05263157894736842,0.05263157894736842,0.0,0.0,0.05263157894736842,0.10526315789473684,0.05263157894736842,1
AAGGGGCTCCCACTCCAGAG,0.25,0.3,0.35,0.1,0.05263157894736842,0.15789473684210525,0.05263157894736842,0.0,0.05263157894736842,0.15789473684210525,0.05263157894736842,0.0,0.10526315789473684,0.0,0.15789473684210525,0.10526315789473684,0.0,0.0,0.10526315789473684,0.0,0
CCCCAGCACGAACACAAGGC,0.35,0.2,0.45,0.0,0.10526315789473684,0.10526315789473684,0.15789473684210525,0.0,0.05263157894736842,0.05263157894736842,0.10526315789473684,0.0,0.21052631578947367,0.05263157894736842,0.15789473684210525,0.0,0.0,0.0,0.0,0.0,1
GGGTGGCGTCATTATCTCTG,0.1,0.35,0.2,0.35,0.0,0.0,0.0,0.10526315789473684,0.0,0.15789473684210525,0.05263157894736842,0.10526315789473684,0.05263157894736842,0.05263157894736842,0.0,0.10526315789473684,0.05263157894736842,0.10526315789473684,0.15789473684210525,0.05263157894736842,1
GCAATTCATGACAATGAGCG,0.35,0.25,0.2,0.2,0.10526315789473684,0.05263157894736842,0.05263157894736842,0.15789473684210525,0.10526315789473684,0.0,0.10526315789473684,0.0,0.15789473684210525,0.05263157894736842,0.0,0.0,0.0,0.10526315789473684,0.05263157894736842,0.05263157894736842,1
TGAAATGAAACTTCACACTG,0.4,0.15,0.2,0.25,0.21052631578947367,0.0,0.15789473684210525,0.05263157894736842,0.10526315789473684,0.0,0.0,0.0,0.10526315789473684,0.0,0.0,0.10526315789473684,0.0,0.15789473684210525,0.05263157894736842,0.05263157894736842,1
GGTACCTATTGTTGAACCAG,0.25,0.25,0.2,0.3,0.05263157894736842,0.05263157894736842,0.10526315789473684,0.05263157894736842,0.05263157894736842,0.05263157894736842,0.0,0.10526315789473684,0.05263157894736842,0.0,0.10526315789473684,0.05263157894736842,0.10526315789473684,0.10526315789473684,0.0,0.10526315789473684,1
TACAGCAAGGACGACTTTGG,0.3,0.3,0.2,0.2,0.05263157894736842,0.10526315789473684,0.15789473684210525,0.0,0.10526315789473684,0.10526315789473684,0.05263157894736842,0.0,0.10526315789473684,0.05263157894736842,0.0,0.05263157894736842,0.05263157894736842,0.05263157894736842,0.0,0.10526315789473684,1
GGCCACGACAGAGCCGTCGT,0.2,0.35,0.35,0.1,0.0,0.10526315789473684,0.10526315789473684,0.0,0.10526315789473684,0.05263157894736842,0.10526315789473684,0.10526315789473684,0.10526315789473684,0.15789473684210525,0.10526315789473684,0.0,0.0,0.0,0.05263157894736842,0.0,1
GCGGTGTGCGGCGTGGAGGG,0.05,0.65,0.15,0.15,0.0,0.05263157894736842,0.0,0.0,0.05263157894736842,0.2631578947368421,0.15789473684210525,0.15789473684210525,0.0,0.15789473684210525,0.0,0.0,0.0,0.15789473684210525,0.0,0.0,0
AGATATACAGGGAGTCACCC,0.35,0.25,0.25,0.15,0.0,0.15789473684210525,0.10526315789473684,0.10526315789473684,0.10526315789473684,0.10526315789473684,0.0,0.05263157894736842,0.10526315789473684,0.0,0.10526315789473684,0.0,0.10526315789473684,0.0,0.05263157894736842,0.0,1
CGCGATGGATTTCCAGCAGC,0.2,0.3,0.3,0.2,0.0,0.10526315789473684,0.0,0.10526315789473684,0.10526315789473684,0.05263157894736842,0.15789473684210525,0.0,0.10526315789473684,0.10526315789473684,0.05263157894736842,0.0,0.0,0.05263157894736842,0.05263157894736842,0.10526315789473684,0
CCCCAGGCAAATCCGATCAG,0.3,0.2,0.4,0.1,0.10526315789473684,0.10526315789473684,0.0,0.10526315789473684,0.05263157894736842,0.05263157894736842,0.05263157894736842,0.0,0.15789473684210525,0.05263157894736842,0.21052631578947367,0.0,0.0,0.0,0.10526315789473684,0.0,0
CCCCGCTTGCGGCCCGAGCC,0.05,0.3,0.55,0.1,0.0,0.05263157894736842,0.0,0.0,0.05263157894736842,0.05263157894736842,0.21052631578947367,0.0,0.0,0.15789473684210525,0.3157894736842105,0.05263157894736842,0.0,0.05263157894736842,0.0,0.05263157894736842,0
TTTATGAGGATTTTTTTTGG,0.15,0.25,0.0,0.6,0.0,0.05263157894736842,0.0,0.10526315789473684,0.10526315789473684,0.10526315789473684,0.0,0.0,0.0,0.0,0.0,0.0,0.05263157894736842,0.10526315789473684,0.0,0.47368421052631576,0
CGAGCGCCGCGCTGCCCGCC,0.05,0.35,0.55,0.05,0.0,0.05263157894736842,0.0,0.0,0.05263157894736842,0.0,0.3157894736842105,0.0,0.0,0.2631578947368421,0.21052631578947367,0.05263157894736842,0.0,0.05263157894736842,0.0,0.0,0
CCCGTCGCCGGGAGCAGGAG,0.15,0.45,0.35,0.05,0.0,0.15789473684210525,0.0,0.0,0.10526315789473684,0.15789473684210525,0.10526315789473684,0.05263157894736842,0.05263157894736842,0.15789473684210525,0.15789473684210525,0.0,0.0,0.0,0.05263157894736842,0.0,0
TCCAACATGAACAAGAAGAG,0.5,0.2,0.2,0.1,0.21052631578947367,0.15789473684210525,0.10526315789473684,0.05263157894736842,0.15789473684210525,0.0,0.0,0.0,0.15789473684210525,0.0,0.05263157894736842,0.0,0.0,0.05263157894736842,0.05263157894736842,0.0,0
GACCTAGGCTGGAACGACGT,0.25,0.35,0.25,0.15,0.05263157894736842,0.05263157894736842,0.15789473684210525,0.0,0.15789473684210525,0.10526315789473684,0.05263157894736842,0.05263157894736842,0.0,0.10526315789473684,0.05263157894736842,0.10526315789473684,0.05263157894736842,0.05263157894736842,0.0,0.0,1
TATCACCTCAAAATGAAGGA,0.45,0.15,0.2,0.2,0.21052631578947367,0.05263157894736842,0.05263157894736842,0.10526315789473684,0.10526315789473684,0.05263157894736842,0.0,0.0,0.10526315789473684,0.0,0.05263157894736842,0.05263157894736842,0.05263157894736842,0.05263157894736842,0.10526315789473684,0.0,1
TTCATCTTCCCCGACAAATA,0.3,0.05,0.35,0.3,0.10526315789473684,0.0,0.05263157894736842,0.10526315789473684,0.05263157894736842,0.0,0.0,0.0,0.10526315789473684,0.05263157894736842,0.15789473684210525,0.05263157894736842,0.05263157894736842,0.0,0.15789473684210525,0.10526315789473684,0
AATATATTCAGGGATTGAAG,0.4,0.25,0.05,0.3,0.10526315789473684,0.10526315789473684,0.0,0.21052631578947367,0.10526315789473684,0.10526315789473684,0.0,0.0,0.05263157894736842,0.0,0.0,0.0,0.10526315789473684,0.05263157894736842,0.05263157894736842,0.10526315789473684,0
GCTGCGCGCAGAGCTCCAAG,0.2,0.35,0.35,0.1,0.05263157894736842,0.15789473684210525,0.0,0.0,0.05263157894736842,0.0,0.2631578947368421,0.0,0.10526315789473684,0.10526315789473684,0.05263157894736842,0.10526315789473684,0.0,0.05263157894736842,0.05263157894736842,0.0,1
TTTTAAATGACGAAACTCAG,0.4,0.15,0.15,0.3,0.21052631578947367,0.05263157894736842,0.10526315789473684,0.05263157894736842,0.10526315789473684,0.0,0.0,0.0,0.05263157894736842,0.05263157894736842,0.0,0.05263157894736842,0.05263157894736842,0.05263157894736842,0.05263157894736842,0.15789473684210525,0
GGACGCAACCTCTCTCGGGG,0.15,0.35,0.35,0.15,0.05263157894736842,0.0,0.10526315789473684,0.0,0.05263157894736842,0.21052631578947367,0.05263157894736842,0.0,0.05263157894736842,0.10526315789473684,0.05263157894736842,0.15789473684210525,0.0,0.0,0.15789473684210525,0.0,1
TCAGACGTACAATGCCGAAG,0.35,0.25,0.25,0.15,0.10526315789473684,0.10526315789473684,0.10526315789473684,0.05263157894736842,0.10526315789473684,0.0,0.05263157894736842,0.05263157894736842,0.10526315789473684,0.10526315789473684,0.05263157894736842,0.0,0.05263157894736842,0.05263157894736842,0.05263157894736842,0.0,1
TGGCAGCCGAACACCTCTGA,0.25,0.25,0.35,0.15,0.05263157894736842,0.05263157894736842,0.10526315789473684,0.0,0.10526315789473684,0.05263157894736842,0.10526315789473684,0.0,0.10526315789473684,0.05263157894736842,0.10526315789473684,0.10526315789473684,0.0,0.10526315789473684,0.05263157894736842,0.0,0
CCCAGAGGACCCATAAGTGC,0.3,0.25,0.35,0.1,0.05263157894736842,0.15789473684210525,0.05263157894736842,0.05263157894736842,0.10526315789473684,0.05263157894736842,0.05263157894736842,0.05263157894736842,0.10526315789473684,0.0,0.21052631578947367,0.0,0.05263157894736842,0.05263157894736842,0.0,0.0,0
AGGGTGTACACACAAGAAGG,0.4,0.35,0.15,0.1,0.10526315789473684,0.15789473684210525,0.15789473684210525,0.0,0.05263157894736842,0.15789473684210525,0.0,0.10526315789473684,0.15789473684210525,0.0,0.0,0.0,0.05263157894736842,0.05263157894736842,0.0,0.0,0
TCCATCAACCAGAGCATCGG,0.3,0.2,0.35,0.15,0.05263157894736842,0.10526315789473684,0.05263157894736842,0.10526315789473684,0.05263157894736842,0.05263157894736842,0.05263157894736842,0.0,0.21052631578947367,0.05263157894736842,0.10526315789473684,0.0,0.0,0.0,0.15789473684210525,0.0,1
GAGCAACAACTTGGTAACCC,0.35,0.2,0.3,0.15,0.15789473684210525,0.05263157894736842,0.15789473684210525,0.0,0.05263157894736842,0.05263157894736842,0.05263157894736842,0.05263157894736842,0.10526315789473684,0.0,0.10526315789473684,0.05263157894736842,0.05263157894736842,0.05263157894736842,0.0,0.05263157894736842,1
GCGCACCGTTATTGCTACAG,0.2,0.25,0.3,0.25,0.0,0.05263157894736842,0.10526315789473684,0.05263157894736842,0.0,0.0,0.15789473684210525,0.05263157894736842,0.10526315789473684,0.10526315789473684,0.05263157894736842,0.05263157894736842,0.10526315789473684,0.05263157894736842,0.0,0.10526315789473684,0
CACTTCACCTCCAAGGCGTG,0.2,0.2,0.4,0.2,0.05263157894736842,0.05263157894736842,0.10526315789473684,0.0,0.0,0.05263157894736842,0.05263157894736842,0.05263157894736842,0.15789473684210525,0.05263157894736842,0.10526315789473684,0.10526315789473684,0.0,0.05263157894736842,0.10526315789473684,0.05263157894736842,1
TGGGCTGGGCTGGGCTGGGC,0.0,0.6,0.2,0.2,0.0,0.0,0.0,0.0,0.0,0.42105263157894735,0.21052631578947367,0.0,0.0,0.0,0.0,0.15789473684210525,0.0,0.21052631578947367,0.0,0.0,0
TCTCTTAGACTCATACATAA,0.35,0.05,0.25,0.35,0.05263157894736842,0.05263157894736842,0.10526315789473684,0.10526315789473684,0.05263157894736842,0.0,0.0,0.0,0.10526315789473684,0.0,0.0,0.15789473684210525,0.15789473684210525,0.0,0.15789473684210525,0.05263157894736842,0
TGAATTTCACTTGGTTTATC,0.2,0.15,0.15,0.5,0.05263157894736842,0.0,0.05263157894736842,0.10526315789473684,0.05263157894736842,0.05263157894736842,0.0,0.05263157894736842,0.05263157894736842,0.0,0.0,0.05263157894736842,0.05263157894736842,0.10526315789473684,0.10526315789473684,0.2631578947368421,0
CGTTCTCCGGAACCCCTTGC,0.1,0.2,0.45,0.25,0.05263157894736842,0.0,0.05263157894736842,0.0,0.05263157894736842,0.05263157894736842,0.05263157894736842,0.05263157894736842,0.0,0.10526315789473684,0.21052631578947367,0.10526315789473684,0.0,0.05263157894736842,0.10526315789473684,0.10526315789473684,0
TTTTAGCATTTTGTCCTCCA,0.15,0.1,0.25,0.5,0.0,0.05263157894736842,0.0,0.05263157894736842,0.0,0.0,0.05263157894736842,0.05263157894736842,0.10526315789473684,0.0,0.10526315789473684,0.05263157894736842,0.05263157894736842,0.05263157894736842,0.10526315789473684,0.3157894736842105,0
CTTCATTGGAACGAAACATA,0.4,0.15,0.2,0.25,0.15789473684210525,0.0,0.10526315789473684,0.10526315789473684,0.10526315789473684,0.05263157894736842,0.0,0.0,0.10526315789473684,0.05263157894736842,0.0,0.05263157894736842,0.05263157894736842,0.05263157894736842,0.05263157894736842,0.10526315789473684,0
AGGCCCTACAGTATTGAGAA,0.35,0.25,0.2,0.2,0.05263157894736842,0.15789473684210525,0.05263157894736842,0.05263157894736842,0.10526315789473684,0.05263157894736842,0.05263157894736842,0.05263157894736842,0.05263157894736842,0.0,0.10526315789473684,0.05263157894736842,0.10526315789473684,0.05263157894736842,0.0,0.05263157894736842,1
GAGCTCTCATGTGTGTCTTA,0.15,0.25,0.2,0.4,0.0,0.05263157894736842,0.0,0.05263157894736842,0.05263157894736842,0.0,0.05263157894736842,0.15789473684210525,0.05263157894736842,0.0,0.0,0.15789473684210525,0.05263157894736842,0.15789473684210525,0.15789473684210525,0.05263157894736842,0
TGTATTTATACAGAACCACC,0.35,0.1,0.25,0.3,0.05263157894736842,0.05263157894736842,0.15789473684210525,0.10526315789473684,0.05263157894736842,0.0,0.0,0.05263157894736842,0.10526315789473684,0.0,0.10526315789473684,0.0,0.15789473684210525,0.05263157894736842,0.0,0.10526315789473684,1
GACACTCATGATGACTCCGG,0.25,0.25,0.3,0.2,0.0,0.0,0.15789473684210525,0.10526315789473684,0.15789473684210525,0.05263157894736842,0.0,0.0,0.10526315789473684,0.05263157894736842,0.05263157894736842,0.10526315789473684,0.0,0.10526315789473684,0.10526315789473684,0.0,1
CGGGCTCGCGGCTCTGCAGG,0.05,0.45,0.35,0.15,0.0,0.05263157894736842,0.0,0.0,0.0,0.21052631578947367,0.21052631578947367,0.0,0.05263157894736842,0.15789473684210525,0.0,0.15789473684210525,0.0,0.05263157894736842,0.10526315789473684,0.0,0
ATATGCCCTCCTCGTCATCC,0.15,0.1,0.45,0.3,0.0,0.0,0.0,0.15789473684210525,0.0,0.0,0.05263157894736842,0.05263157894736842,0.05263157894736842,0.05263157894736842,0.21052631578947367,0.10526315789473684,0.05263157894736842,0.05263157894736842,0.21052631578947367,0.0,0
CAATATCTTGATCGCCAGCT,0.25,0.15,0.3,0.3,0.05263157894736842,0.05263157894736842,0.0,0.15789473684210525,0.05263157894736842,0.0,0.10526315789473684,0.0,0.10526315789473684,0.05263157894736842,0.05263157894736842,0.10526315789473684,0.05263157894736842,0.05263157894736842,0.10526315789473684,0.05263157894736842,1
GCCTATCAACCCATCAAGGA,0.35,0.15,0.35,0.15,0.10526315789473684,0.05263157894736842,0.05263157894736842,0.10526315789473684,0.05263157894736842,0.05263157894736842,0.05263157894736842,0.0,0.15789473684210525,0.0,0.15789473684210525,0.05263157894736842,0.05263157894736842,0.0,0.10526315789473684,0.0,1
TTGCTAAGAGCAGACAGATG,0.35,0.3,0.15,0.2,0.05263157894736842,0.21052631578947367,0.05263157894736842,0.05263157894736842,0.15789473684210525,0.0,0.10526315789473684,0.0,0.10526315789473684,0.0,0.0,0.05263157894736842,0.05263157894736842,0.10526315789473684,0.0,0.05263157894736842,1
TAAAACCTATAACGTTGCTG,0.35,0.15,0.2,0.3,0.21052631578947367,0.0,0.10526315789473684,0.05263157894736842,0.0,0.0,0.05263157894736842,0.05263157894736842,0.0,0.05263157894736842,0.05263157894736842,0.10526315789473684,0.15789473684210525,0.10526315789473684,0.0,0.05263157894736842,1
ACTCCACTGACAACCACAAG,0.4,0.1,0.4,0.1,0.10526315789473684,0.05263157894736842,0.2631578947368421,0.0,0.05263157894736842,0.0,0.0,0.0,0.21052631578947367,0.0,0.10526315789473684,0.10526315789473684,0.0,0.05263157894736842,0.05263157894736842,0.0,1
CCTTAAAGACATCCTGAGCG,0.3,0.2,0.3,0.2,0.10526315789473684,0.10526315789473684,0.05263157894736842,0.05263157894736842,0.10526315789473684,0.0,0.05263157894736842,0.0,0.05263157894736842,0.05263157894736842,0.10526315789473684,0.10526315789473684,0.05263157894736842,0.05263157894736842,0.05263157894736842,0.05263157894736842,1
ATGTCTCATGAACTACCCTG,0.25,0.15,0.3,0.3,0.05263157894736842,0.0,0.10526315789473684,0.10526315789473684,0.05263157894736842,0.0,0.0,0.05263157894736842,0.05263157894736842,0.0,0.10526315789473684,0.15789473684210525,0.05263157894736842,0.15789473684210525,0.10526315789473684,0.0,1
TGCGGCACATGTCATAAGTG,0.25,0.3,0.2,0.25,0.05263157894736842,0.05263157894736842,0.05263157894736842,0.10526315789473684,0.0,0.05263157894736842,0.10526315789473684,0.10526315789473684,0.15789473684210525,0.05263157894736842,0.0,0.0,0.05263157894736842,0.15789473684210525,0.05263157894736842,0.0,1
CCAGGGCCACTCATTCCCGA,0.2,0.2,0.45,0.15,0.0,0.05263157894736842,0.05263157894736842,0.05263157894736842,0.05263157894736842,0.10526315789473684,0.05263157894736842,0.0,0.15789473684210525,0.05263157894736842,0.21052631578947367,0.05263157894736842,0.0,0.0,0.10526315789473684,0.05263157894736842,1
TGGACATACTCAAGACAGAG,0.4,0.25,0.2,0.15,0.05263157894736842,0.15789473684210525,0.15789473684210525,0.05263157894736842,0.15789473684210525,0.05263157894736842,0.0,0.0,0.15789473684210525,0.0,0.0,0.05263157894736842,0.05263157894736842,0.05263157894736842,0.05263157894736842,0.0,1
CCACCAGGTCATAATAGTCG,0.3,0.2,0.3,0.2,0.05263157894736842,0.10526315789473684,0.05263157894736842,0.10526315789473684,0.0,0.05263157894736842,0.0,0.10526315789473684,0.15789473684210525,0.05263157894736842,0.10526315789473684,0.0,0.10526315789473684,0.0,0.10526315789473684,0.0,1
GGCCCGGAGACGCCTGTTCC,0.1,0.35,0.4,0.15,0.0,0.05263157894736842,0.05263157894736842,0.0,0.10526315789473684,0.10526315789473684,0.10526315789473684,0.05263157894736842,0.0,0.10526315789473684,0.21052631578947367,0.05263157894736842,0.0,0.05263157894736842,0.05263157894736842,0.05263157894736842,0
AGGCTCTCGAGAGATATACA,0.35,0.25,0.2,0.2,0.0,0.15789473684210525,0.05263157894736842,0.10526315789473684,0.15789473684210525,0.05263157894736842,0.05263157894736842,0.0,0.05263157894736842,0.05263157894736842,0.0,0.10526315789473684,0.10526315789473684,0.0,0.10526315789473684,0.0,1
ATGATTTTGGATTTCAGAGC,0.25,0.25,0.1,0.4,0.0,0.10526315789473684,0.0,0.15789473684210525,0.15789473684210525,0.05263157894736842,0.05263157894736842,0.0,0.05263157894736842,0.0,0.0,0.0,0.0,0.10526315789473684,0.05263157894736842,0.2631578947368421,0
CAGTTTCCTTGGAGAGCAGT,0.2,0.3,0.2,0.3,0.0,0.21052631578947367,0.0,0.0,0.10526315789473684,0.05263157894736842,0.05263157894736842,0.10526315789473684,0.10526315789473684,0.0,0.05263157894736842,0.05263157894736842,0.0,0.05263157894736842,0.05263157894736842,0.15789473684210525,0
TTGGCTGCCTCGGTGTCTCC,0.0,0.3,0.35,0.35,0.0,0.0,0.0,0.0,0.0,0.10526315789473684,0.10526315789473684,0.10526315789473684,0.0,0.05263157894736842,0.10526315789473684,0.15789473684210525,0.0,0.15789473684210525,0.15789473684210525,0.05263157894736842,0
GGAGGAGCAGGAGCCGGCGC,0.2,0.55,0.25,0.0,0.0,0.21052631578947367,0.0,0.0,0.15789473684210525,0.21052631578947367,0.21052631578947367,0.0,0.05263157894736842,0.10526315789473684,0.05263157894736842,0.0,0.0,0.0,0.0,0.0,0
GAAACGATCCGTTGCGTTTC,0.2,0.25,0.25,0.3,0.10526315789473684,0.0,0.05263157894736842,0.05263157894736842,0.10526315789473684,0.0,0.05263157894736842,0.10526315789473684,0.0,0.15789473684210525,0.05263157894736842,0.0,0.0,0.05263157894736842,0.10526315789473684,0.15789473684210525,0
GGACCTGACGGAGACAGAGA,0.35,0.4,0.2,0.05,0.0,0.15789473684210525,0.15789473684210525,0.0,0.3157894736842105,0.10526315789473684,0.0,0.0,0.05263157894736842,0.05263157894736842,0.05263157894736842,0.05263157894736842,0.0,0.05263157894736842,0.0,0.0,0
GGAGTGCAATGGTATGATCT,0.25,0.35,0.1,0.3,0.05263157894736842,0.05263157894736842,0.0,0.15789473684210525,0.10526315789473684,0.10526315789473684,0.05263157894736842,0.10526315789473684,0.05263157894736842,0.0,0.0,0.05263157894736842,0.05263157894736842,0.15789473684210525,0.05263157894736842,0.0,0
TTTTACATGACCACAAATAT,0.4,0.05,0.2,0.35,0.10526315789473684,0.0,0.15789473684210525,0.15789473684210525,0.05263157894736842,0.0,0.0,0.0,0.15789473684210525,0.0,0.05263157894736842,0.0,0.10526315789473684,0.05263157894736842,0.0,0.15789473684210525,0
CTGGTGGAATAAGAAGCCGT,0.3,0.35,0.15,0.2,0.15789473684210525,0.10526315789473684,0.0,0.05263157894736842,0.10526315789473684,0.10526315789473684,0.05263157894736842,0.10526315789473684,0.0,0.05263157894736842,0.05263157894736842,0.05263157894736842,0.05263157894736842,0.10526315789473684,0.0,0.0,1
GCACCTGCGGAGGTGCCTAA,0.2,0.35,0.3,0.15,0.05263157894736842,0.05263157894736842,0.05263157894736842,0.0,0.05263157894736842,0.10526315789473684,0.15789473684210525,0.05263157894736842,0.05263157894736842,0.05263157894736842,0.10526315789473684,0.10526315789473684,0.05263157894736842,0.10526315789473684,0.0,0.0,1
CACCAGTGGAAATATCAGAG,0.4,0.25,0.2,0.15,0.10526315789473684,0.15789473684210525,0.05263157894736842,0.10526315789473684,0.10526315789473684,0.05263157894736842,0.0,0.05263157894736842,0.15789473684210525,0.0,0.05263157894736842,0.0,0.05263157894736842,0.05263157894736842,0.05263157894736842,0.0,1
CCAACACCACAAATCAGCAA,0.5,0.05,0.4,0.05,0.21052631578947367,0.05263157894736842,0.15789473684210525,0.05263157894736842,0.0,0.0,0.05263157894736842,0.0,0.3157894736842105,0.0,0.10526315789473684,0.0,0.0,0.0,0.05263157894736842,0.0,1
TAAGGAACATCTCTTCCCAG,0.3,0.15,0.3,0.25,0.10526315789473684,0.10526315789473684,0.05263157894736842,0.05263157894736842,0.05263157894736842,0.05263157894736842,0.0,0.0,0.10526315789473684,0.0,0.10526315789473684,0.10526315789473684,0.05263157894736842,0.0,0.15789473684210525,0.05263157894736842,1
ACGATACAGAGATGCAACAC,0.45,0.2,0.25,0.1,0.05263157894736842,0.10526315789473684,0.21052631578947367,0.10526315789473684,0.15789473684210525,0.0,0.05263157894736842,0.0,0.15789473684210525,0.05263157894736842,0.0,0.0,0.05263157894736842,0.05263157894736842,0.0,0.0,1
TCTCCGTGCGTGGGGAGTCC,0.05,0.4,0.3,0.25,0.0,0.05263157894736842,0.0,0.0,0.05263157894736842,0.15789473684210525,0.05263157894736842,0.15789473684210525,0.0,0.10526315789473684,0.10526315789473684,0.05263157894736842,0.0,0.10526315789473684,0.15789473684210525,0.0,0
CATTGGAGTGATGGAAAGTC,0.3,0.35,0.1,0.25,0.10526315789473684,0.10526315789473684,0.0,0.10526315789473684,0.15789473684210525,0.10526315789473684,0.0,0.10526315789473684,0.05263157894736842,0.0,0.0,0.0,0.0,0.15789473684210525,0.05263157894736842,0.05263157894736842,0
GGGGGCTCCTCATTGTCCTC,0.05,0.3,0.35,0.3,0.0,0.0,0.0,0.05263157894736842,0.0,0.21052631578947367,0.05263157894736842,0.05263157894736842,0.05263157894736842,0.0,0.10526315789473684,0.15789473684210525,0.0,0.05263157894736842,0.21052631578947367,0.05263157894736842,0
TTGCACAAAGCCTCTGCATC,0.25,0.15,0.35,0.25,0.10526315789473684,0.05263157894736842,0.05263157894736842,0.05263157894736842,0.0,0.0,0.15789473684210525,0.0,0.15789473684210525,0.0,0.05263157894736842,0.10526315789473684,0.0,0.10526315789473684,0.10526315789473684,0.05263157894736842,0
GCAACGTGAGTGCCTGTGCG,0.15,0.4,0.25,0.2,0.05263157894736842,0.05263157894736842,0.05263157894736842,0.0,0.05263157894736842,0.0,0.15789473684210525,0.15789473684210525,0.05263157894736842,0.10526315789473684,0.05263157894736842,0.05263157894736842,0.0,0.21052631578947367,0.0,0.0,1
ACACATTTGGATGGGTCTGT,0.2,0.3,0.15,0.35,0.0,0.0,0.10526315789473684,0.10526315789473684,0.05263157894736842,0.15789473684210525,0.0,0.10526315789473684,0.10526315789473684,0.0,0.0,0.05263157894736842,0.0,0.15789473684210525,0.05263157894736842,0.10526315789473684,0
GGACATGATGGATGGACGCG,0.25,0.45,0.15,0.15,0.0,0.0,0.10526315789473684,0.15789473684210525,0.21052631578947367,0.15789473684210525,0.05263157894736842,0.0,0.05263157894736842,0.10526315789473684,0.0,0.0,0.0,0.15789473684210525,0.0,0.0,1
