id,A Freq,G Freq,C Freq,T Freq,class
0,0.25,0.25,0.3,0.2,1.0
1,0.35,0.2,0.2,0.25,1.0
2,0.4,0.2,0.25,0.15,1.0
3,0.35,0.25,0.2,0.2,1.0
4,0.15,0.35,0.35,0.15,1.0
5,0.35,0.25,0.15,0.25,1.0
6,0.2,0.35,0.25,0.2,1.0
7,0.25,0.15,0.35,0.25,1.0
8,0.15,0.3,0.25,0.3,1.0
9,0.15,0.25,0.3,0.3,1.0
10,0.2,0.25,0.35,0.2,1.0
11,0.35,0.3,0.1,0.25,1.0
12,0.3,0.25,0.3,0.15,1.0
13,0.3,0.15,0.3,0.25,1.0
14,0.45,0.2,0.2,0.15,1.0
15,0.3,0.3,0.35,0.05,1.0
16,0.45,0.35,0.15,0.05,1.0
17,0.35,0.25,0.2,0.2,1.0
18,0.4,0.3,0.25,0.05,1.0
19,0.2,0.3,0.2,0.3,1.0
20,0.3,0.25,0.3,0.15,1.0
21,0.25,0.3,0.35,0.1,1.0
22,0.45,0.2,0.2,0.15,1.0
23,0.6,0.15,0.25,0.0,1.0
24,0.3,0.25,0.3,0.15,1.0
25,0.35,0.25,0.15,0.25,1.0
26,0.2,0.2,0.35,0.25,1.0
27,0.25,0.25,0.25,0.25,1.0
28,0.2,0.3,0.3,0.2,1.0
29,0.3,0.25,0.3,0.15,1.0
30,0.05,0.5,0.25,0.2,1.0
31,0.35,0.1,0.3,0.25,1.0
32,0.3,0.2,0.2,0.3,1.0
33,0.2,0.1,0.25,0.45,1.0
34,0.0,0.4,0.3,0.3,1.0
35,0.35,0.15,0.2,0.3,1.0
36,0.3,0.4,0.15,0.15,1.0
37,0.2,0.2,0.3,0.3,1.0
38,0.15,0.35,0.2,0.3,1.0
39,0.3,0.35,0.2,0.15,1.0
40,0.15,0.3,0.35,0.2,1.0
41,0.3,0.35,0.15,0.2,1.0
42,0.3,0.3,0.2,0.2,1.0
43,0.3,0.25,0.3,0.15,1.0
44,0.25,0.3,0.25,0.2,1.0
45,0.25,0.25,0.25,0.25,1.0
46,0.25,0.2,0.25,0.3,1.0
47,0.15,0.35,0.35,0.15,1.0
48,0.4,0.05,0.3,0.25,1.0
49,0.35,0.3,0.25,0.1,1.0
50,0.1,0.4,0.25,0.25,0.0
51,0.35,0.15,0.25,0.25,0.0
52,0.05,0.45,0.25,0.25,0.0
53,0.1,0.25,0.4,0.25,0.0
54,0.2,0.25,0.15,0.4,0.0
55,0.3,0.3,0.25,0.15,0.0
56,0.05,0.5,0.35,0.1,0.0
57,0.4,0.25,0.25,0.1,0.0
58,0.1,0.5,0.25,0.15,0.0
59,0.15,0.1,0.55,0.2,0.0
60,0.35,0.4,0.15,0.1,0.0
61,0.15,0.4,0.2,0.25,0.0
62,0.25,0.2,0.25,0.3,0.0
63,0.2,0.4,0.25,0.15,0.0
64,0.25,0.35,0.25,0.15,0.0
65,0.4,0.15,0.2,0.25,0.0
66,0.05,0.3,0.45,0.2,0.0
67,0.25,0.25,0.35,0.15,0.0
68,0.25,0.3,0.3,0.15,0.0
69,0.3,0.2,0.2,0.3,0.0
70,0.1,0.35,0.35,0.2,0.0
71,0.15,0.3,0.15,0.4,0.0
72,0.25,0.35,0.1,0.3,0.0
73,0.1,0.55,0.35,0.0,0.0
74,0.3,0.1,0.2,0.4,0.0
75,0.45,0.2,0.3,0.05,0.0
76,0.15,0.4,0.2,0.25,0.0
77,0.5,0.25,0.2,0.05,0.0
78,0.25,0.2,0.3,0.25,0.0
79,0.25,0.2,0.25,0.3,0.0
80,0.2,0.35,0.1,0.35,0.0
81,0.15,0.3,0.3,0.25,0.0
82,0.3,0.45,0.1,0.15,0.0
83,0.2,0.3,0.05,0.45,0.0
84,0.3,0.1,0.3,0.3,0.0
85,0.15,0.25,0.4,0.2,0.0
86,0.2,0.45,0.2,0.15,0.0
87,0.15,0.25,0.45,0.15,0.0
88,0.3,0.15,0.3,0.25,0.0
89,0.15,0.5,0.35,0.0,0.0
90,0.05,0.5,0.25,0.2,0.0
91,0.4,0.2,0.3,0.1,0.0
92,0.0,0.35,0.55,0.1,0.0
93,0.05,0.5,0.35,0.1,0.0
94,0.25,0.25,0.15,0.35,0.0
95,0.15,0.45,0.4,0.0,0.0
96,0.25,0.5,0.1,0.15,0.0
97,0.6,0.25,0.05,0.1,0.0
98,0.4,0.1,0.2,0.3,0.0
99,0.25,0.3,0.05,0.4,0.0
