sgRNA Target Sequence,A freq,G freq,C freq,T freq,AA freq,AG freq,AC freq,AT freq,GA freq,GG freq,GC freq,GT freq,CA freq,CG freq,CC freq,CT freq,TA freq,TG freq,TC freq,TT freq,class,shapley vals
CTCCCCATGCCTGGCTGGAC,0.1,0.25,0.45,0.2,0.0,0.0,0.05263157894736842,0.05263157894736842,0.05263157894736842,0.10526315789473684,0.10526315789473684,0.0,0.05263157894736842,0.0,0.21052631578947367,0.15789473684210525,0.0,0.15789473684210525,0.05263157894736842,0.0,0,0.0029186666666666666
TTGCTGGTTTTTGCGGCTTG,0.0,0.35,0.15,0.5,0.0,0.0,0.0,0.0,0.0,0.10526315789473684,0.15789473684210525,0.05263157894736842,0.0,0.05263157894736842,0.0,0.10526315789473684,0.0,0.21052631578947367,0.0,0.3157894736842105,0,0.005681333333333333
AAAACACTGAAGAGAACCGC,0.5,0.2,0.25,0.05,0.2631578947368421,0.10526315789473684,0.15789473684210525,0.0,0.15789473684210525,0.0,0.05263157894736842,0.0,0.05263157894736842,0.05263157894736842,0.05263157894736842,0.05263157894736842,0.0,0.05263157894736842,0.0,0.0,1,0.00032599999999999795
GAGCACATCCACGTACACAG,0.35,0.2,0.35,0.1,0.0,0.10526315789473684,0.21052631578947367,0.05263157894736842,0.05263157894736842,0.0,0.05263157894736842,0.05263157894736842,0.2631578947368421,0.05263157894736842,0.05263157894736842,0.0,0.05263157894736842,0.0,0.05263157894736842,0.0,1,0.0022426666666666667
TGTACTAGTTACTATGAAAA,0.4,0.15,0.1,0.35,0.15789473684210525,0.05263157894736842,0.10526315789473684,0.05263157894736842,0.05263157894736842,0.0,0.0,0.10526315789473684,0.0,0.0,0.0,0.10526315789473684,0.21052631578947367,0.10526315789473684,0.0,0.05263157894736842,0,0.0020866666666666677
CCAGGACTACCATTAATCCC,0.3,0.1,0.4,0.2,0.05263157894736842,0.05263157894736842,0.10526315789473684,0.10526315789473684,0.05263157894736842,0.05263157894736842,0.0,0.0,0.10526315789473684,0.0,0.21052631578947367,0.05263157894736842,0.10526315789473684,0.0,0.05263157894736842,0.05263157894736842,1,-0.0016479999999999973
TCTACTAGCTGCCCACAGCT,0.2,0.15,0.4,0.25,0.0,0.10526315789473684,0.10526315789473684,0.0,0.0,0.0,0.15789473684210525,0.0,0.10526315789473684,0.0,0.10526315789473684,0.21052631578947367,0.10526315789473684,0.05263157894736842,0.05263157894736842,0.0,0,0.0017513333333333324
CCCGCTCCTGCTCCCGGCGA,0.05,0.25,0.55,0.15,0.0,0.0,0.0,0.0,0.05263157894736842,0.05263157894736842,0.15789473684210525,0.0,0.0,0.15789473684210525,0.2631578947368421,0.15789473684210525,0.0,0.05263157894736842,0.10526315789473684,0.0,0,0.002928000000000001
TGTGAACAACCATGTGATCT,0.3,0.2,0.2,0.3,0.10526315789473684,0.0,0.10526315789473684,0.10526315789473684,0.10526315789473684,0.0,0.0,0.10526315789473684,0.10526315789473684,0.0,0.05263157894736842,0.05263157894736842,0.0,0.21052631578947367,0.05263157894736842,0.0,0,0.0017273333333333346
TTGATGGTAGGTTAAAAACA,0.4,0.25,0.05,0.3,0.21052631578947367,0.05263157894736842,0.05263157894736842,0.05263157894736842,0.05263157894736842,0.10526315789473684,0.0,0.10526315789473684,0.05263157894736842,0.0,0.0,0.0,0.10526315789473684,0.10526315789473684,0.0,0.10526315789473684,0,0.0025966666666666694
ACACGTGGGAACTTCTTGCC,0.2,0.25,0.3,0.25,0.05263157894736842,0.0,0.15789473684210525,0.0,0.05263157894736842,0.10526315789473684,0.05263157894736842,0.05263157894736842,0.05263157894736842,0.05263157894736842,0.05263157894736842,0.10526315789473684,0.0,0.10526315789473684,0.05263157894736842,0.10526315789473684,0,0.002577333333333333
GCCTGAGGCAGAAGGAGAAG,0.35,0.45,0.15,0.05,0.10526315789473684,0.2631578947368421,0.0,0.0,0.21052631578947367,0.10526315789473684,0.10526315789473684,0.0,0.05263157894736842,0.0,0.05263157894736842,0.05263157894736842,0.0,0.05263157894736842,0.0,0.0,0,0.003881999999999995
GCAGCCGCTTAACTCTCTGA,0.2,0.2,0.35,0.25,0.05263157894736842,0.05263157894736842,0.05263157894736842,0.0,0.05263157894736842,0.0,0.15789473684210525,0.0,0.05263157894736842,0.05263157894736842,0.05263157894736842,0.21052631578947367,0.05263157894736842,0.05263157894736842,0.10526315789473684,0.05263157894736842,1,-0.0020413333333333355
AACGTGCTCGTCTACGAGGG,0.2,0.35,0.25,0.2,0.05263157894736842,0.05263157894736842,0.10526315789473684,0.0,0.05263157894736842,0.10526315789473684,0.05263157894736842,0.10526315789473684,0.0,0.15789473684210525,0.0,0.10526315789473684,0.05263157894736842,0.05263157894736842,0.10526315789473684,0.0,1,-0.0013240000000000038
GGACAGACTAGGAATTGGCA,0.35,0.35,0.15,0.15,0.05263157894736842,0.10526315789473684,0.10526315789473684,0.05263157894736842,0.15789473684210525,0.15789473684210525,0.05263157894736842,0.0,0.10526315789473684,0.0,0.0,0.05263157894736842,0.05263157894736842,0.05263157894736842,0.0,0.05263157894736842,1,-0.002482000000000002
CAGATTGAGTGGGAGATGGA,0.3,0.45,0.05,0.2,0.0,0.15789473684210525,0.0,0.10526315789473684,0.2631578947368421,0.15789473684210525,0.0,0.05263157894736842,0.05263157894736842,0.0,0.0,0.0,0.0,0.15789473684210525,0.0,0.05263157894736842,0,0.003804666666666669
ATTTAAAGACTACAGCAGCG,0.4,0.2,0.2,0.2,0.10526315789473684,0.15789473684210525,0.10526315789473684,0.05263157894736842,0.05263157894736842,0.0,0.10526315789473684,0.0,0.10526315789473684,0.05263157894736842,0.0,0.05263157894736842,0.10526315789473684,0.0,0.0,0.10526315789473684,1,-0.0014546666666666673
AGGGTACCACACATCAGGTG,0.3,0.3,0.25,0.15,0.0,0.10526315789473684,0.15789473684210525,0.05263157894736842,0.0,0.15789473684210525,0.0,0.10526315789473684,0.21052631578947367,0.0,0.05263157894736842,0.0,0.05263157894736842,0.05263157894736842,0.05263157894736842,0.0,1,-0.0005346666666666684
TAGACTCTCAGCATAAATAG,0.4,0.15,0.2,0.25,0.10526315789473684,0.15789473684210525,0.05263157894736842,0.10526315789473684,0.05263157894736842,0.0,0.05263157894736842,0.0,0.10526315789473684,0.0,0.0,0.10526315789473684,0.15789473684210525,0.0,0.10526315789473684,0.0,0,0.0016453333333333342
ACACACCATCTACCAGTCTG,0.3,0.1,0.4,0.2,0.0,0.05263157894736842,0.21052631578947367,0.05263157894736842,0.0,0.0,0.0,0.05263157894736842,0.21052631578947367,0.0,0.10526315789473684,0.10526315789473684,0.05263157894736842,0.05263157894736842,0.10526315789473684,0.0,1,0.00022866666666666473
GCCACGCAGTCCATTCAGGG,0.2,0.3,0.35,0.15,0.0,0.10526315789473684,0.05263157894736842,0.05263157894736842,0.0,0.10526315789473684,0.10526315789473684,0.05263157894736842,0.21052631578947367,0.05263157894736842,0.10526315789473684,0.0,0.0,0.0,0.10526315789473684,0.05263157894736842,1,-0.0019793333333333334
CGTGTCATTCAAGAGCCAGG,0.25,0.3,0.25,0.2,0.05263157894736842,0.15789473684210525,0.0,0.05263157894736842,0.05263157894736842,0.05263157894736842,0.05263157894736842,0.10526315789473684,0.15789473684210525,0.05263157894736842,0.05263157894736842,0.0,0.0,0.05263157894736842,0.10526315789473684,0.05263157894736842,1,-0.0016126666666666646
AAGGGGCTCCCACTCCAGAG,0.25,0.3,0.35,0.1,0.05263157894736842,0.15789473684210525,0.05263157894736842,0.0,0.05263157894736842,0.15789473684210525,0.05263157894736842,0.0,0.10526315789473684,0.0,0.15789473684210525,0.10526315789473684,0.0,0.0,0.10526315789473684,0.0,0,0.0024473333333333382
CCCCAGCACGAACACAAGGC,0.35,0.2,0.45,0.0,0.10526315789473684,0.10526315789473684,0.15789473684210525,0.0,0.05263157894736842,0.05263157894736842,0.10526315789473684,0.0,0.21052631578947367,0.05263157894736842,0.15789473684210525,0.0,0.0,0.0,0.0,0.0,1,0.0014073333333333323
GGGTGGCGTCATTATCTCTG,0.1,0.35,0.2,0.35,0.0,0.0,0.0,0.10526315789473684,0.0,0.15789473684210525,0.05263157894736842,0.10526315789473684,0.05263157894736842,0.05263157894736842,0.0,0.10526315789473684,0.05263157894736842,0.10526315789473684,0.15789473684210525,0.05263157894736842,1,-0.005282000000000005
GCAATTCATGACAATGAGCG,0.35,0.25,0.2,0.2,0.10526315789473684,0.05263157894736842,0.05263157894736842,0.15789473684210525,0.10526315789473684,0.0,0.10526315789473684,0.0,0.15789473684210525,0.05263157894736842,0.0,0.0,0.0,0.10526315789473684,0.05263157894736842,0.05263157894736842,1,-0.0009440000000000026
TGAAATGAAACTTCACACTG,0.4,0.15,0.2,0.25,0.21052631578947367,0.0,0.15789473684210525,0.05263157894736842,0.10526315789473684,0.0,0.0,0.0,0.10526315789473684,0.0,0.0,0.10526315789473684,0.0,0.15789473684210525,0.05263157894736842,0.05263157894736842,1,-0.0017646666666666718
GGTACCTATTGTTGAACCAG,0.25,0.25,0.2,0.3,0.05263157894736842,0.05263157894736842,0.10526315789473684,0.05263157894736842,0.05263157894736842,0.05263157894736842,0.0,0.10526315789473684,0.05263157894736842,0.0,0.10526315789473684,0.05263157894736842,0.10526315789473684,0.10526315789473684,0.0,0.10526315789473684,1,-0.002728000000000001
TACAGCAAGGACGACTTTGG,0.3,0.3,0.2,0.2,0.05263157894736842,0.10526315789473684,0.15789473684210525,0.0,0.10526315789473684,0.10526315789473684,0.05263157894736842,0.0,0.10526315789473684,0.05263157894736842,0.0,0.05263157894736842,0.05263157894736842,0.05263157894736842,0.0,0.10526315789473684,1,-0.0019513333333333336
GGCCACGACAGAGCCGTCGT,0.2,0.35,0.35,0.1,0.0,0.10526315789473684,0.10526315789473684,0.0,0.10526315789473684,0.05263157894736842,0.10526315789473684,0.10526315789473684,0.10526315789473684,0.15789473684210525,0.10526315789473684,0.0,0.0,0.0,0.05263157894736842,0.0,1,0.0008966666666666656
GCGGTGTGCGGCGTGGAGGG,0.05,0.65,0.15,0.15,0.0,0.05263157894736842,0.0,0.0,0.05263157894736842,0.2631578947368421,0.15789473684210525,0.15789473684210525,0.0,0.15789473684210525,0.0,0.0,0.0,0.15789473684210525,0.0,0.0,0,0.0033313333333333307
AGATATACAGGGAGTCACCC,0.35,0.25,0.25,0.15,0.0,0.15789473684210525,0.10526315789473684,0.10526315789473684,0.10526315789473684,0.10526315789473684,0.0,0.05263157894736842,0.10526315789473684,0.0,0.10526315789473684,0.0,0.10526315789473684,0.0,0.05263157894736842,0.0,1,-0.00029533333333333473
CGCGATGGATTTCCAGCAGC,0.2,0.3,0.3,0.2,0.0,0.10526315789473684,0.0,0.10526315789473684,0.10526315789473684,0.05263157894736842,0.15789473684210525,0.0,0.10526315789473684,0.10526315789473684,0.05263157894736842,0.0,0.0,0.05263157894736842,0.05263157894736842,0.10526315789473684,0,0.001957333333333335
CCCCAGGCAAATCCGATCAG,0.3,0.2,0.4,0.1,0.10526315789473684,0.10526315789473684,0.0,0.10526315789473684,0.05263157894736842,0.05263157894736842,0.05263157894736842,0.0,0.15789473684210525,0.05263157894736842,0.21052631578947367,0.0,0.0,0.0,0.10526315789473684,0.0,0,0.00038200000000000197
CCCCGCTTGCGGCCCGAGCC,0.05,0.3,0.55,0.1,0.0,0.05263157894736842,0.0,0.0,0.05263157894736842,0.05263157894736842,0.21052631578947367,0.0,0.0,0.15789473684210525,0.3157894736842105,0.05263157894736842,0.0,0.05263157894736842,0.0,0.05263157894736842,0,0.0022060000000000022
TTTATGAGGATTTTTTTTGG,0.15,0.25,0.0,0.6,0.0,0.05263157894736842,0.0,0.10526315789473684,0.10526315789473684,0.10526315789473684,0.0,0.0,0.0,0.0,0.0,0.0,0.05263157894736842,0.10526315789473684,0.0,0.4736842105263158,0,0.0057120000000000035
CGAGCGCCGCGCTGCCCGCC,0.05,0.35,0.55,0.05,0.0,0.05263157894736842,0.0,0.0,0.05263157894736842,0.0,0.3157894736842105,0.0,0.0,0.2631578947368421,0.21052631578947367,0.05263157894736842,0.0,0.05263157894736842,0.0,0.0,0,0.0009486666666666667
CCCGTCGCCGGGAGCAGGAG,0.15,0.45,0.35,0.05,0.0,0.15789473684210525,0.0,0.0,0.10526315789473684,0.15789473684210525,0.10526315789473684,0.05263157894736842,0.05263157894736842,0.15789473684210525,0.15789473684210525,0.0,0.0,0.0,0.05263157894736842,0.0,0,0.0013906666666666664
TCCAACATGAACAAGAAGAG,0.5,0.2,0.2,0.1,0.21052631578947367,0.15789473684210525,0.10526315789473684,0.05263157894736842,0.15789473684210525,0.0,0.0,0.0,0.15789473684210525,0.0,0.05263157894736842,0.0,0.0,0.05263157894736842,0.05263157894736842,0.0,0,9.066666666666967e-05
GACCTAGGCTGGAACGACGT,0.25,0.35,0.25,0.15,0.05263157894736842,0.05263157894736842,0.15789473684210525,0.0,0.15789473684210525,0.10526315789473684,0.05263157894736842,0.05263157894736842,0.0,0.10526315789473684,0.05263157894736842,0.10526315789473684,0.05263157894736842,0.05263157894736842,0.0,0.0,1,-0.00165
TATCACCTCAAAATGAAGGA,0.45,0.15,0.2,0.2,0.21052631578947367,0.05263157894736842,0.05263157894736842,0.10526315789473684,0.10526315789473684,0.05263157894736842,0.0,0.0,0.10526315789473684,0.0,0.05263157894736842,0.05263157894736842,0.05263157894736842,0.05263157894736842,0.10526315789473684,0.0,1,-0.0011260000000000055
TTCATCTTCCCCGACAAATA,0.3,0.05,0.35,0.3,0.10526315789473684,0.0,0.05263157894736842,0.10526315789473684,0.05263157894736842,0.0,0.0,0.0,0.10526315789473684,0.05263157894736842,0.15789473684210525,0.05263157894736842,0.05263157894736842,0.0,0.15789473684210525,0.10526315789473684,0,0.0012800000000000027
AATATATTCAGGGATTGAAG,0.4,0.25,0.05,0.3,0.10526315789473684,0.10526315789473684,0.0,0.21052631578947367,0.10526315789473684,0.10526315789473684,0.0,0.0,0.05263157894736842,0.0,0.0,0.0,0.10526315789473684,0.05263157894736842,0.05263157894736842,0.10526315789473684,0,0.003357333333333335
GCTGCGCGCAGAGCTCCAAG,0.2,0.35,0.35,0.1,0.05263157894736842,0.15789473684210525,0.0,0.0,0.05263157894736842,0.0,0.2631578947368421,0.0,0.10526315789473684,0.10526315789473684,0.05263157894736842,0.10526315789473684,0.0,0.05263157894736842,0.05263157894736842,0.0,1,-0.0014806666666666638
TTTTAAATGACGAAACTCAG,0.4,0.15,0.15,0.3,0.21052631578947367,0.05263157894736842,0.10526315789473684,0.05263157894736842,0.10526315789473684,0.0,0.0,0.0,0.05263157894736842,0.05263157894736842,0.0,0.05263157894736842,0.05263157894736842,0.05263157894736842,0.05263157894736842,0.15789473684210525,0,0.002894666666666668
GGACGCAACCTCTCTCGGGG,0.15,0.35,0.35,0.15,0.05263157894736842,0.0,0.10526315789473684,0.0,0.05263157894736842,0.21052631578947367,0.05263157894736842,0.0,0.05263157894736842,0.10526315789473684,0.05263157894736842,0.15789473684210525,0.0,0.0,0.15789473684210525,0.0,1,-0.0028293333333333343
TCAGACGTACAATGCCGAAG,0.35,0.25,0.25,0.15,0.10526315789473684,0.10526315789473684,0.10526315789473684,0.05263157894736842,0.10526315789473684,0.0,0.05263157894736842,0.05263157894736842,0.10526315789473684,0.10526315789473684,0.05263157894736842,0.0,0.05263157894736842,0.05263157894736842,0.05263157894736842,0.0,1,0.00019666666666666343
TGGCAGCCGAACACCTCTGA,0.25,0.25,0.35,0.15,0.05263157894736842,0.05263157894736842,0.10526315789473684,0.0,0.10526315789473684,0.05263157894736842,0.10526315789473684,0.0,0.10526315789473684,0.05263157894736842,0.10526315789473684,0.10526315789473684,0.0,0.10526315789473684,0.05263157894736842,0.0,0,0.0015993333333333332
CCCAGAGGACCCATAAGTGC,0.3,0.25,0.35,0.1,0.05263157894736842,0.15789473684210525,0.05263157894736842,0.05263157894736842,0.10526315789473684,0.05263157894736842,0.05263157894736842,0.05263157894736842,0.10526315789473684,0.0,0.21052631578947367,0.0,0.05263157894736842,0.05263157894736842,0.0,0.0,0,0.0017306666666666688
AGGGTGTACACACAAGAAGG,0.4,0.35,0.15,0.1,0.10526315789473684,0.15789473684210525,0.15789473684210525,0.0,0.05263157894736842,0.15789473684210525,0.0,0.10526315789473684,0.15789473684210525,0.0,0.0,0.0,0.05263157894736842,0.05263157894736842,0.0,0.0,0,0.001905333333333331
TCCATCAACCAGAGCATCGG,0.3,0.2,0.35,0.15,0.05263157894736842,0.10526315789473684,0.05263157894736842,0.10526315789473684,0.05263157894736842,0.05263157894736842,0.05263157894736842,0.0,0.21052631578947367,0.05263157894736842,0.10526315789473684,0.0,0.0,0.0,0.15789473684210525,0.0,1,0.0004993333333333311
GAGCAACAACTTGGTAACCC,0.35,0.2,0.3,0.15,0.15789473684210525,0.05263157894736842,0.15789473684210525,0.0,0.05263157894736842,0.05263157894736842,0.05263157894736842,0.05263157894736842,0.10526315789473684,0.0,0.10526315789473684,0.05263157894736842,0.05263157894736842,0.05263157894736842,0.0,0.05263157894736842,1,-0.0006873333333333337
GCGCACCGTTATTGCTACAG,0.2,0.25,0.3,0.25,0.0,0.05263157894736842,0.10526315789473684,0.05263157894736842,0.0,0.0,0.15789473684210525,0.05263157894736842,0.10526315789473684,0.10526315789473684,0.05263157894736842,0.05263157894736842,0.10526315789473684,0.05263157894736842,0.0,0.10526315789473684,0,0.002109333333333338
CACTTCACCTCCAAGGCGTG,0.2,0.2,0.4,0.2,0.05263157894736842,0.05263157894736842,0.10526315789473684,0.0,0.0,0.05263157894736842,0.05263157894736842,0.05263157894736842,0.15789473684210525,0.05263157894736842,0.10526315789473684,0.10526315789473684,0.0,0.05263157894736842,0.10526315789473684,0.05263157894736842,1,-0.0007626666666666683
TGGGCTGGGCTGGGCTGGGC,0.0,0.6,0.2,0.2,0.0,0.0,0.0,0.0,0.0,0.42105263157894735,0.21052631578947367,0.0,0.0,0.0,0.0,0.15789473684210525,0.0,0.21052631578947367,0.0,0.0,0,0.004958000000000004
TCTCTTAGACTCATACATAA,0.35,0.05,0.25,0.35,0.05263157894736842,0.05263157894736842,0.10526315789473684,0.10526315789473684,0.05263157894736842,0.0,0.0,0.0,0.10526315789473684,0.0,0.0,0.15789473684210525,0.15789473684210525,0.0,0.15789473684210525,0.05263157894736842,0,0.0015253333333333317
TGAATTTCACTTGGTTTATC,0.2,0.15,0.15,0.5,0.05263157894736842,0.0,0.05263157894736842,0.10526315789473684,0.05263157894736842,0.05263157894736842,0.0,0.05263157894736842,0.05263157894736842,0.0,0.0,0.05263157894736842,0.05263157894736842,0.10526315789473684,0.10526315789473684,0.2631578947368421,0,0.0043359999999999935
CGTTCTCCGGAACCCCTTGC,0.1,0.2,0.45,0.25,0.05263157894736842,0.0,0.05263157894736842,0.0,0.05263157894736842,0.05263157894736842,0.05263157894736842,0.05263157894736842,0.0,0.10526315789473684,0.21052631578947367,0.10526315789473684,0.0,0.05263157894736842,0.10526315789473684,0.10526315789473684,0,0.003350000000000002
TTTTAGCATTTTGTCCTCCA,0.15,0.1,0.25,0.5,0.0,0.05263157894736842,0.0,0.05263157894736842,0.0,0.0,0.05263157894736842,0.05263157894736842,0.10526315789473684,0.0,0.10526315789473684,0.05263157894736842,0.05263157894736842,0.05263157894736842,0.10526315789473684,0.3157894736842105,0,0.004960000000000001
CTTCATTGGAACGAAACATA,0.4,0.15,0.2,0.25,0.15789473684210525,0.0,0.10526315789473684,0.10526315789473684,0.10526315789473684,0.05263157894736842,0.0,0.0,0.10526315789473684,0.05263157894736842,0.0,0.05263157894736842,0.05263157894736842,0.05263157894736842,0.05263157894736842,0.10526315789473684,0,0.0009040000000000026
AGGCCCTACAGTATTGAGAA,0.35,0.25,0.2,0.2,0.05263157894736842,0.15789473684210525,0.05263157894736842,0.05263157894736842,0.10526315789473684,0.05263157894736842,0.05263157894736842,0.05263157894736842,0.05263157894736842,0.0,0.10526315789473684,0.05263157894736842,0.10526315789473684,0.05263157894736842,0.0,0.05263157894736842,1,-0.0015633333333333345
GAGCTCTCATGTGTGTCTTA,0.15,0.25,0.2,0.4,0.0,0.05263157894736842,0.0,0.05263157894736842,0.05263157894736842,0.0,0.05263157894736842,0.15789473684210525,0.05263157894736842,0.0,0.0,0.15789473684210525,0.05263157894736842,0.15789473684210525,0.15789473684210525,0.05263157894736842,0,0.0034939999999999962
TGTATTTATACAGAACCACC,0.35,0.1,0.25,0.3,0.05263157894736842,0.05263157894736842,0.15789473684210525,0.10526315789473684,0.05263157894736842,0.0,0.0,0.05263157894736842,0.10526315789473684,0.0,0.10526315789473684,0.0,0.15789473684210525,0.05263157894736842,0.0,0.10526315789473684,1,-0.0007973333333333352
GACACTCATGATGACTCCGG,0.25,0.25,0.3,0.2,0.0,0.0,0.15789473684210525,0.10526315789473684,0.15789473684210525,0.05263157894736842,0.0,0.0,0.10526315789473684,0.05263157894736842,0.05263157894736842,0.10526315789473684,0.0,0.10526315789473684,0.10526315789473684,0.0,1,-0.0009193333333333369
CGGGCTCGCGGCTCTGCAGG,0.05,0.45,0.35,0.15,0.0,0.05263157894736842,0.0,0.0,0.0,0.21052631578947367,0.21052631578947367,0.0,0.05263157894736842,0.15789473684210525,0.0,0.15789473684210525,0.0,0.05263157894736842,0.10526315789473684,0.0,0,0.0034179999999999944
ATATGCCCTCCTCGTCATCC,0.15,0.1,0.45,0.3,0.0,0.0,0.0,0.15789473684210525,0.0,0.0,0.05263157894736842,0.05263157894736842,0.05263157894736842,0.05263157894736842,0.21052631578947367,0.10526315789473684,0.05263157894736842,0.05263157894736842,0.21052631578947367,0.0,0,0.0011600000000000007
CAATATCTTGATCGCCAGCT,0.25,0.15,0.3,0.3,0.05263157894736842,0.05263157894736842,0.0,0.15789473684210525,0.05263157894736842,0.0,0.10526315789473684,0.0,0.10526315789473684,0.05263157894736842,0.05263157894736842,0.10526315789473684,0.05263157894736842,0.05263157894736842,0.10526315789473684,0.05263157894736842,1,-0.001838
GCCTATCAACCCATCAAGGA,0.35,0.15,0.35,0.15,0.10526315789473684,0.05263157894736842,0.05263157894736842,0.10526315789473684,0.05263157894736842,0.05263157894736842,0.05263157894736842,0.0,0.15789473684210525,0.0,0.15789473684210525,0.05263157894736842,0.05263157894736842,0.0,0.10526315789473684,0.0,1,-0.001174
TTGCTAAGAGCAGACAGATG,0.35,0.3,0.15,0.2,0.05263157894736842,0.21052631578947367,0.05263157894736842,0.05263157894736842,0.15789473684210525,0.0,0.10526315789473684,0.0,0.10526315789473684,0.0,0.0,0.05263157894736842,0.05263157894736842,0.10526315789473684,0.0,0.05263157894736842,1,-0.001572000000000003
TAAAACCTATAACGTTGCTG,0.35,0.15,0.2,0.3,0.21052631578947367,0.0,0.10526315789473684,0.05263157894736842,0.0,0.0,0.05263157894736842,0.05263157894736842,0.0,0.05263157894736842,0.05263157894736842,0.10526315789473684,0.15789473684210525,0.10526315789473684,0.0,0.05263157894736842,1,-0.0011800000000000018
ACTCCACTGACAACCACAAG,0.4,0.1,0.4,0.1,0.10526315789473684,0.05263157894736842,0.2631578947368421,0.0,0.05263157894736842,0.0,0.0,0.0,0.21052631578947367,0.0,0.10526315789473684,0.10526315789473684,0.0,0.05263157894736842,0.05263157894736842,0.0,1,0.000909333333333333
CCTTAAAGACATCCTGAGCG,0.3,0.2,0.3,0.2,0.10526315789473684,0.10526315789473684,0.05263157894736842,0.05263157894736842,0.10526315789473684,0.0,0.05263157894736842,0.0,0.05263157894736842,0.05263157894736842,0.10526315789473684,0.10526315789473684,0.05263157894736842,0.05263157894736842,0.05263157894736842,0.05263157894736842,1,-0.0010006666666666686
ATGTCTCATGAACTACCCTG,0.25,0.15,0.3,0.3,0.05263157894736842,0.0,0.10526315789473684,0.10526315789473684,0.05263157894736842,0.0,0.0,0.05263157894736842,0.05263157894736842,0.0,0.10526315789473684,0.15789473684210525,0.05263157894736842,0.15789473684210525,0.10526315789473684,0.0,1,-0.0006860000000000005
TGCGGCACATGTCATAAGTG,0.25,0.3,0.2,0.25,0.05263157894736842,0.05263157894736842,0.05263157894736842,0.10526315789473684,0.0,0.05263157894736842,0.10526315789473684,0.10526315789473684,0.15789473684210525,0.05263157894736842,0.0,0.0,0.05263157894736842,0.15789473684210525,0.05263157894736842,0.0,1,-0.001260000000000001
CCAGGGCCACTCATTCCCGA,0.2,0.2,0.45,0.15,0.0,0.05263157894736842,0.05263157894736842,0.05263157894736842,0.05263157894736842,0.10526315789473684,0.05263157894736842,0.0,0.15789473684210525,0.05263157894736842,0.21052631578947367,0.05263157894736842,0.0,0.0,0.10526315789473684,0.05263157894736842,1,-7.266666666666802e-05
TGGACATACTCAAGACAGAG,0.4,0.25,0.2,0.15,0.05263157894736842,0.15789473684210525,0.15789473684210525,0.05263157894736842,0.15789473684210525,0.05263157894736842,0.0,0.0,0.15789473684210525,0.0,0.0,0.05263157894736842,0.05263157894736842,0.05263157894736842,0.05263157894736842,0.0,1,-0.001456666666666668
CCACCAGGTCATAATAGTCG,0.3,0.2,0.3,0.2,0.05263157894736842,0.10526315789473684,0.05263157894736842,0.10526315789473684,0.0,0.05263157894736842,0.0,0.10526315789473684,0.15789473684210525,0.05263157894736842,0.10526315789473684,0.0,0.10526315789473684,0.0,0.10526315789473684,0.0,1,-0.0006446666666666684
GGCCCGGAGACGCCTGTTCC,0.1,0.35,0.4,0.15,0.0,0.05263157894736842,0.05263157894736842,0.0,0.10526315789473684,0.10526315789473684,0.10526315789473684,0.05263157894736842,0.0,0.10526315789473684,0.21052631578947367,0.05263157894736842,0.0,0.05263157894736842,0.05263157894736842,0.05263157894736842,0,0.002216
AGGCTCTCGAGAGATATACA,0.35,0.25,0.2,0.2,0.0,0.15789473684210525,0.05263157894736842,0.10526315789473684,0.15789473684210525,0.05263157894736842,0.05263157894736842,0.0,0.05263157894736842,0.05263157894736842,0.0,0.10526315789473684,0.10526315789473684,0.0,0.10526315789473684,0.0,1,-0.0013626666666666696
ATGATTTTGGATTTCAGAGC,0.25,0.25,0.1,0.4,0.0,0.10526315789473684,0.0,0.15789473684210525,0.15789473684210525,0.05263157894736842,0.05263157894736842,0.0,0.05263157894736842,0.0,0.0,0.0,0.0,0.10526315789473684,0.05263157894736842,0.2631578947368421,0,0.0049406666666666705
CAGTTTCCTTGGAGAGCAGT,0.2,0.3,0.2,0.3,0.0,0.21052631578947367,0.0,0.0,0.10526315789473684,0.05263157894736842,0.05263157894736842,0.10526315789473684,0.10526315789473684,0.0,0.05263157894736842,0.05263157894736842,0.0,0.05263157894736842,0.05263157894736842,0.15789473684210525,0,0.00439466666666667
TTGGCTGCCTCGGTGTCTCC,0.0,0.3,0.35,0.35,0.0,0.0,0.0,0.0,0.0,0.10526315789473684,0.10526315789473684,0.10526315789473684,0.0,0.05263157894736842,0.10526315789473684,0.15789473684210525,0.0,0.15789473684210525,0.15789473684210525,0.05263157894736842,0,0.003792666666666669
GGAGGAGCAGGAGCCGGCGC,0.2,0.55,0.25,0.0,0.0,0.21052631578947367,0.0,0.0,0.15789473684210525,0.21052631578947367,0.21052631578947367,0.0,0.05263157894736842,0.10526315789473684,0.05263157894736842,0.0,0.0,0.0,0.0,0.0,0,0.00244933333333333
GAAACGATCCGTTGCGTTTC,0.2,0.25,0.25,0.3,0.10526315789473684,0.0,0.05263157894736842,0.05263157894736842,0.10526315789473684,0.0,0.05263157894736842,0.10526315789473684,0.0,0.15789473684210525,0.05263157894736842,0.0,0.0,0.05263157894736842,0.10526315789473684,0.15789473684210525,0,0.0028860000000000005
GGACCTGACGGAGACAGAGA,0.35,0.4,0.2,0.05,0.0,0.15789473684210525,0.15789473684210525,0.0,0.3157894736842105,0.10526315789473684,0.0,0.0,0.05263157894736842,0.05263157894736842,0.05263157894736842,0.05263157894736842,0.0,0.05263157894736842,0.0,0.0,0,0.0016433333333333363
GGAGTGCAATGGTATGATCT,0.25,0.35,0.1,0.3,0.05263157894736842,0.05263157894736842,0.0,0.15789473684210525,0.10526315789473684,0.10526315789473684,0.05263157894736842,0.10526315789473684,0.05263157894736842,0.0,0.0,0.05263157894736842,0.05263157894736842,0.15789473684210525,0.05263157894736842,0.0,0,0.0036966666666666654
TTTTACATGACCACAAATAT,0.4,0.05,0.2,0.35,0.10526315789473684,0.0,0.15789473684210525,0.15789473684210525,0.05263157894736842,0.0,0.0,0.0,0.15789473684210525,0.0,0.05263157894736842,0.0,0.10526315789473684,0.05263157894736842,0.0,0.15789473684210525,0,0.0010660000000000034
CTGGTGGAATAAGAAGCCGT,0.3,0.35,0.15,0.2,0.15789473684210525,0.10526315789473684,0.0,0.05263157894736842,0.10526315789473684,0.10526315789473684,0.05263157894736842,0.10526315789473684,0.0,0.05263157894736842,0.05263157894736842,0.05263157894736842,0.05263157894736842,0.10526315789473684,0.0,0.0,1,-0.002913333333333334
GCACCTGCGGAGGTGCCTAA,0.2,0.35,0.3,0.15,0.05263157894736842,0.05263157894736842,0.05263157894736842,0.0,0.05263157894736842,0.10526315789473684,0.15789473684210525,0.05263157894736842,0.05263157894736842,0.05263157894736842,0.10526315789473684,0.10526315789473684,0.05263157894736842,0.10526315789473684,0.0,0.0,1,-0.0024293333333333294
CACCAGTGGAAATATCAGAG,0.4,0.25,0.2,0.15,0.10526315789473684,0.15789473684210525,0.05263157894736842,0.10526315789473684,0.10526315789473684,0.05263157894736842,0.0,0.05263157894736842,0.15789473684210525,0.0,0.05263157894736842,0.0,0.05263157894736842,0.05263157894736842,0.05263157894736842,0.0,1,-0.0006900000000000025
CCAACACCACAAATCAGCAA,0.5,0.05,0.4,0.05,0.21052631578947367,0.05263157894736842,0.15789473684210525,0.05263157894736842,0.0,0.0,0.05263157894736842,0.0,0.3157894736842105,0.0,0.10526315789473684,0.0,0.0,0.0,0.05263157894736842,0.0,1,0.0010693333333333303
TAAGGAACATCTCTTCCCAG,0.3,0.15,0.3,0.25,0.10526315789473684,0.10526315789473684,0.05263157894736842,0.05263157894736842,0.05263157894736842,0.05263157894736842,0.0,0.0,0.10526315789473684,0.0,0.10526315789473684,0.10526315789473684,0.05263157894736842,0.0,0.15789473684210525,0.05263157894736842,1,-0.0024666666666666687
ACGATACAGAGATGCAACAC,0.45,0.2,0.25,0.1,0.05263157894736842,0.10526315789473684,0.21052631578947367,0.10526315789473684,0.15789473684210525,0.0,0.05263157894736842,0.0,0.15789473684210525,0.05263157894736842,0.0,0.0,0.05263157894736842,0.05263157894736842,0.0,0.0,1,0.0007726666666666652
TCTCCGTGCGTGGGGAGTCC,0.05,0.4,0.3,0.25,0.0,0.05263157894736842,0.0,0.0,0.05263157894736842,0.15789473684210525,0.05263157894736842,0.15789473684210525,0.0,0.10526315789473684,0.10526315789473684,0.05263157894736842,0.0,0.10526315789473684,0.15789473684210525,0.0,0,0.0033199999999999966
CATTGGAGTGATGGAAAGTC,0.3,0.35,0.1,0.25,0.10526315789473684,0.10526315789473684,0.0,0.10526315789473684,0.15789473684210525,0.10526315789473684,0.0,0.10526315789473684,0.05263157894736842,0.0,0.0,0.0,0.0,0.15789473684210525,0.05263157894736842,0.05263157894736842,0,0.002508
GGGGGCTCCTCATTGTCCTC,0.05,0.3,0.35,0.3,0.0,0.0,0.0,0.05263157894736842,0.0,0.21052631578947367,0.05263157894736842,0.05263157894736842,0.05263157894736842,0.0,0.10526315789473684,0.15789473684210525,0.0,0.05263157894736842,0.21052631578947367,0.05263157894736842,0,0.004605333333333334
TTGCACAAAGCCTCTGCATC,0.25,0.15,0.35,0.25,0.10526315789473684,0.05263157894736842,0.05263157894736842,0.05263157894736842,0.0,0.0,0.15789473684210525,0.0,0.15789473684210525,0.0,0.05263157894736842,0.10526315789473684,0.0,0.10526315789473684,0.10526315789473684,0.05263157894736842,0,0.0017573333333333343
GCAACGTGAGTGCCTGTGCG,0.15,0.4,0.25,0.2,0.05263157894736842,0.05263157894736842,0.05263157894736842,0.0,0.05263157894736842,0.0,0.15789473684210525,0.15789473684210525,0.05263157894736842,0.10526315789473684,0.05263157894736842,0.05263157894736842,0.0,0.21052631578947367,0.0,0.0,1,-0.002191333333333332
ACACATTTGGATGGGTCTGT,0.2,0.3,0.15,0.35,0.0,0.0,0.10526315789473684,0.10526315789473684,0.05263157894736842,0.15789473684210525,0.0,0.10526315789473684,0.10526315789473684,0.0,0.0,0.05263157894736842,0.0,0.15789473684210525,0.05263157894736842,0.10526315789473684,0,0.003671333333333331
GGACATGATGGATGGACGCG,0.25,0.45,0.15,0.15,0.0,0.0,0.10526315789473684,0.15789473684210525,0.21052631578947367,0.15789473684210525,0.05263157894736842,0.0,0.05263157894736842,0.10526315789473684,0.0,0.0,0.0,0.15789473684210525,0.0,0.0,1,-0.0016373333333333342
